source_sheet,field_season,kml_stop_id,longitude,latitude
2016-points,2016,09-14-16-1,104.6702777777778,32.04055555555556
2016-points,2016,09-14-16-2,104.7959722222222,32.1183610996701
2016-points,2016,09-15-16-1,104.7187181126646,32.24650814985931
2016-points,2016,09-15-16-2A,104.5380277777778,32.41419444444444
2016-points,2016,09-15-16-3,104.5380277777778,32.41419444444444
2016-points,2016,09-15-16-4,104.6702222222222,32.03436111111111
2016-points,2016,09-15-16-5,104.70575,31.90569444444444
2016-points,2016,09-15-16-6,104.7488611111111,31.82363888888889
2016-points,2016,09-15-16-7,104.7488055555556,31.82363888888889
2016-points,2016,09-16-16-1,104.7485833333333,31.82094444444444
2016-points,2016,09-16-16-2,104.5327222222222,32.47275000000001
2016-points,2016,09-16-16-3,104.5238333333333,32.46788888888889
2016-points,2016,09-16-16-4,104.5238611111111,32.46786111111111
2016-points,2016,09-16-16-5,104.5205277777778,32.46786111111111
2016-points,2016,09-16-16-6,104.1368611111111,32.54983333333333
2016-points,2016,09-16-16-7,104.1368611111111,32.54983333333333
2016-points,2016,09-17-16-1,103.9642777777778,32.75230555555556
2018-points,2018,AS-05-15-18-1,104.7221,31.89838888888889
2018-points,2018,AS-05-15-18-2,104.6845055555556,32.34885277777778
2018-points,2018,AS-05-15-18-3,104.777675,32.45911666666667
2018-points,2018,AS-05-16-18-1A,104.2478388888889,32.48743055555556
2018-points,2018,AS-05-16-18-1B,104.249,32.48822222222222
2018-points,2018,AS-05-16-18-2,104.1368333326114,32.51463055757984
2018-points,2018,AS-05-16-18-3,104.1817416666667,32.40803611111111
2018-points,2018,AS-05-17-18-1,104.503,32.148
2018-points,2018,AS-05-17-18-2A,104.5107277777778,32.14354166666666
2018-points,2018,AS-05-17-18-2B,104.5107277777778,32.14354166666666
2018-points,2018,AS-05-17-18-2C,104.5074083333333,32.14236666666667
2018-points,2018,AS-05-17-18-3,104.526,32.023
2018-points,2018,AS-05-17-18-4,104.5511472222222,32.03859722222222
2018-points,2018,AS-05-17-18-5,104.5544194444444,32.03767777777777
2018-points,2018,AS-05-17-18-6,104.5634222222222,32.03856388888889
2018-points,2018,AS-05-17-18-7,104.5626916666667,32.03881666666666
2018-points,2018,AS-05-17-18-8,104.5629777777778,32.03798333333333
2018-points,2018,AS-05-17-18-9,104.563,32.038
2018-points,2018,AS-05-17-18-10,104.5630194444444,32.03761944444445
2018-points,2018,AS-05-18-18-1,104.0361111111111,32.71722777777778
2018-points,2018,AS-05-18-18-2,104.0076444444445,32.72765277777778
2018-points,2018,AS-05-18-18-3,103.9586111111111,32.75219444444444
2018-points,2018,AS-05-18-18-4,103.8462444444445,32.76041666666666
2018-points,2018,AS-05-18-18-5,103.7901999989858,32.75187222969986
2018-points,2018,AS-05-18-18-6,103.7406194444445,32.74062777777778
2018-points,2018,AS-05-18-18-7,103.6892805555556,32.79933888888889
2018-points,2018,AS-05-18-18-8,103.7066666666667,32.78426111111111
2018-points,2018,AS-05-18-18-9,104.0748138888889,32.68617777777777
2018-points,2018,AS-05-19-18-1A,104.6588611111111,32.39881944444444
2018-points,2018,AS-05-19-18-1B,104.6575194444445,32.39773888888889
2018-points,2018,AS-05-19-18-2,104.4615111111111,31.83671111111111
2018-points,2018,AS-05-19-18-3,104.3938916666667,31.72299166666667
2018-points,2018,AS-05-19-18-4,104.3958694444445,31.72596666666667
2018-points,2018,AS-05-19-18-5,104.4009055555556,31.73125
2018-points,2018,AS-05-19-18-6,104.4060944444445,31.73792777777778
2018-points,2018,AS-05-19-18-7,103.4838027777778,31.07564722222222
2018-points,2018,AS-05-20-18-1A,104.3147416666667,31.60925555555556
2018-points,2018,AS-05-20-18-1B,104.3141055555556,31.60578055555556
2018-points,2018,AS-05-20-18-1C,104.3138027783048,31.60602500160437
2018-points,2018,AS-05-20-18-2,104.3128472223085,31.60717500239697
2018-points,2018,AS-05-20-18-3,104.312225,31.61235555555556
2018-points,2018,AS-05-20-18-4A,104.3104138888889,31.61556666666667
2018-points,2018,AS-05-20-18-4B,104.3094055555556,31.61570277777778
2018-points,2018,AS-05-20-18-4C,104.3090611111111,31.61586944444445
2018-points,2018,AS-05-20-18-5A,104.3159138888889,31.62488055555556
2018-points,2018,AS-05-20-18-5B,104.3182722222222,31.62514166666667
2018-points,2018,AS-05-20-18-5C,104.3184277777778,31.62519722222222
2018-points,2018,AS-05-20-18-6,104.3128472222222,31.62675
2018-points,2018,AS-05-20-18-7A,104.3088805555556,31.63099722222222
2018-points,2018,AS-05-20-18-7B,104.30815,31.63243055555556
2018-points,2018,AS-05-20-18-7C,104.3084055555556,31.63263888888889
2018-points,2018,AS-05-20-18-7D,104.3084055555556,31.63309166666667
2018-points,2018,AS-05-20-18-8,104.3093416666667,31.63728055555555
2018-points,2018,AS-05-20-18-9,104.3090305555555,31.6377
2018-points,2018,AS-05-20-18-10A,104.301075,31.63947222222222
2018-points,2018,AS-05-20-18-10B,104.3004111111111,31.640125
2018-points,2018,AS-05-20-18-11,104.2970027777778,31.64407222222222
2018-points,2018,AS-05-20-18-12,104.2983,31.64566388888889
2018-points,2018,AS-05-20-18-13,104.3018583333333,31.64851944444444
2018-points,2018,AS-05-20-18-14,104.3035083333333,31.64988333333334
2018-points,2018,AS-05-20-18-15,104.3108138888889,31.65805555555556
2018-points,2018,AS-05-20-18-16,104.3140333333333,31.66084166666666
2018-points,2018,AS-05-22-18-1A,104.3170694444444,31.601875
2018-points,2018,AS-05-22-18-1B,104.3176638888889,31.60296388888889
2018-points,2018,AS-05-22-18-1C,104.3176666666667,31.60308055555556
2018-points,2018,AS-05-22-18-1D,104.3171666666667,31.60174722222222
2018-points,2018,AS-05-22-18-2,104.2922861111111,31.64429166666666
2018-points,2018,AS-05-22-18-3A,104.2922861111111,31.64575
2018-points,2018,AS-05-22-18-3B,104.2905,31.64742222222222
2018-points,2018,AS-05-22-18-3C,104.2890194444444,31.64742222222222
2018-points,2018,AS-05-22-18-3D,104.2882444444444,31.64776388888889
2018-points,2018,AS-05-22-18-4,104.2876388888889,31.64736666666667
2018-points,2018,AS-05-22-18-5,104.2834916666667,31.64591666666666
2018-points,2018,AS-05-22-18-6A,104.2800527777778,31.64651111111111
2018-points,2018,AS-05-22-18-6B,104.2798194444444,31.64678055555556
2018-points,2018,AS-05-22-18-7,104.276625,31.64721944444445
2018-points,2018,AS-05-22-18-8,104.2645555555556,31.641675
2018-points,2018,AS-05-22-18-9,104.2616944444444,31.64452777777778
2018-points,2018,AS-05-22-18-10,104.2650055555556,31.64869722222222
2018-points,2018,AS-05-22-18-11,104.2669805555556,31.65008611111112
2018-points,2018,AS-05-22-18-12,104.2700611111111,31.65358333333333
2018-points,2018,AS-05-22-18-13A,104.2682083333333,31.65383888888889
2018-points,2018,AS-05-22-18-13B,104.2679694444445,31.65504722222222
2018-points,2018,AS-05-22-18-14,104.2681611111111,31.65783888888889
2018-points,2018,AS-05-22-18-15,104.2705833333333,31.66280277777779
2018-points,2018,AS-05-22-18-16,104.2691583333333,31.66813333333333
2018-points,2018,AS-05-22-18-17,104.2746055555556,31.67625
2018-points,2018,AS-05-22-18-18,104.2732777777778,31.68029444444445
2018-points,2018,AS-05-22-18-19,104.2765,31.70279166666666
2018-points,2018,AS-05-22-18-20,104.2726694444445,31.70446111111111
2018-points,2018,AS-05-22-18-21,104.2723388888889,31.70502222222223
2018-points,2018,AS-05-22-18-22,104.2704694444444,31.70766111111111
2018-points,2018,AS-05-22-18-23A,104.2698611111111,31.70808611111112
2018-points,2018,AS-05-22-18-23B,104.2698611111111,31.70808611111112
2018-points,2018,AS-05-22-18-24A,104.2655388888889,31.71115
2018-points,2018,AS-05-22-18-24B,104.2644333333333,31.71131388888889
2018-points,2018,AS-05-22-18-25,104.2616194444444,31.71260833333333
2018-points,2018,AS-05-22-18-26,104.2571611111111,31.72145555555555
2018-points,2018,AS-05-22-18-27,104.2562277777778,31.72453888888889
2018-points,2018,AS-05-22-18-28,104.2541166666667,31.72900555555556
2018-points,2018,AS-05-22-18-29A,104.2520583333334,31.7302
2018-points,2018,AS-05-22-18-29B,104.2516694444445,31.73041388888889
2018-points,2018,AS-05-22-18-29C,104.2515444444445,31.73065833333333
2018-points,2018,AS-05-22-18-30A,104.2526083333333,31.73158055555555
2018-points,2018,AS-05-22-18-30B,104.2533694444444,31.73117222222222
2018-points,2018,AS-05-22-18-31,104.2557527777778,31.73136388888888
2018-points,2018,AS-05-22-18-32,104.2587444444445,31.73588055555555
2018-points,2018,AS-05-22-18-33,104.2586055555556,31.73684166666667
2018-points,2018,AS-05-22-18-34,104.2583777777778,31.73751388888889
2018-points,2018,AS-05-22-18-35,104.2576,31.74058611111111
2018-points,2018,AS-05-23-18-1,104.79805,32.16905833333333
2018-points,2018,AS-05-24-18-1,104.2337305555556,32.48992777777778
2018-points,2018,AS-05-24-18-2,104.2384,32.49146666666667
2018-points,2018,AS-05-24-18-3A,104.2445611111111,32.49003055555556
2018-points,2018,AS-05-24-18-3B,104.2448222222222,32.48803055555555
2018-points,2018,AS-05-24-18-4A,104.2477138888889,32.48768611111111
2018-points,2018,AS-05-24-18-4B,104.2485,32.48800833333333
2018-points,2018,AS-05-24-18-4C,104.2504361111111,32.48788611111111
2018-points,2018,AS-05-24-18-5,104.2558083333333,32.49027777777778
2018-points,2018,AS-05-24-18-6,104.2579083333333,32.48901111111111
2018-points,2018,AS-05-24-18-7,104.2665138888889,32.48883888888889
2018-points,2018,AS-05-24-18-8,104.2706111111111,32.48929166666667
2018-points,2018,AS-05-24-18-9,104.2714861111111,32.48930555555555
2018-points,2018,AS-05-24-18-10,104.2767944444445,32.49060555555555
2018-points,2018,AS-05-24-18-11,104.2846416666667,32.49656388888889
2018-points,2018,AS-05-24-18-12,104.2879666666667,32.49795277777778
2018-points,2018,AS-05-24-18-13,104.2958333333334,32.49592222222223
2018-points,2018,AS-05-24-18-14,104.3029611111111,32.49656388888889
2018-points,2018,AS-05-24-18-15,104.3078972222222,32.49570277777778
2018-points,2018,AS-05-24-18-16,104.3170444444444,32.49670555555556
2018-points,2018,AS-05-24-18-17,104.3239222222222,32.49859722222222
2018-points,2018,AS-05-24-18-18,104.3308527777778,32.50091111111111
2018-points,2018,AS-05-24-18-19,104.3330027777778,32.50013888888889
2018-points,2018,AS-05-24-18-20,104.3535027777778,32.49984166666667
2018-points,2018,AS-05-24-18-21,104.3628972222222,32.49833333333334
2018-points,2018,AS-05-24-18-22,104.3686416666667,32.49466666666667
2018-points,2018,AS-05-24-18-23,104.5145833333333,32.46946388888889
2018-points,2018,AS-05-24-18-24,104.5104166666667,32.47096944444445
2018-points,2018,AS-05-24-18-25,104.4950333333333,32.46510277777778
2018-points,2018,AS-05-24-18-26A,104.480775,32.46306666666667
2018-points,2018,AS-05-24-18-26B,104.4801944444444,32.46264444444445
2018-points,2018,AS-05-24-18-26C,104.4797888888889,32.46163333333334
2018-points,2018,AS-05-24-18-26D,104.4801833333333,32.46256944444445
2018-points,2018,AS-05-24-18-26E,104.4798555555556,32.4610888888889
2018-points,2018,AS-05-24-18-27,104.4782638888889,32.45950833333334
2018-points,2018,AS-05-24-18-28,104.4756861111111,32.45711388888889
2018-points,2018,AS-05-24-18-29,104.4644916666667,32.46033611111111
2018-points,2018,AS-05-24-18-30A,104.4529722222222,32.45855555555556
2018-points,2018,AS-05-24-18-30B,104.4517666666667,32.45990000000001
2018-points,2018,AS-05-24-18-31,104.4406777777778,32.45800277777778
2018-points,2018,AS-05-24-18-32A,104.4223611111111,32.46445277777778
2018-points,2018,AS-05-24-18-32B,104.4220972222222,32.46546388888889
2018-points,2018,AS-05-24-18-33,104.4055527777778,32.47000277777778
2018-points,2018,AS-05-24-18-34,104.3958416666667,32.47679444444444
2018-points,2018,AS-05-24-18-35,104.3748722222222,32.48998333333334
2018-points,2018,AS-05-25-18-1,104.2275111059547,32.49962500490773
2018-points,2018,AS-05-25-18-2,104.2204638909397,32.49808611789784
2018-points,2018,AS-05-25-18-3,104.2202418353985,32.49671671140778
2018-points,2018,AS-05-25-18-4,104.2188332920697,32.49288605463857
2018-points,2018,AS-05-25-18-5,104.1997388112032,32.49471667938933
2018-points,2018,AS-05-25-18-6,104.2080168173102,32.49457231178184
2018-points,2018,AS-05-25-18-7,104.2037583335505,32.49975833676768
2018-points,2018,AS-05-25-18-8,104.1939333337958,32.50190278621404
2018-points,2018,AS-05-25-18-9,104.1863722218348,32.5042777862825
2018-points,2018,AS-05-25-18-10,104.1854722229904,32.5055472275691
2018-points,2018,AS-05-25-18-11A,104.1786972224896,32.51160833974109
2018-points,2018,AS-05-25-18-11B,104.1762444444657,32.51296944603466
2018-points,2018,AS-05-25-18-12,104.1570277850874,32.51628612154282
2018-points,2018,AS-05-25-18-13,104.1440888892313,32.5129333177277
2018-points,2018,AS-05-25-18-14,104.1368333340294,32.51385834679947
2018-points,2018,AS-05-25-18-15A,104.1353333252725,32.51475003863259
2018-points,2018,AS-05-25-18-15B,104.1346666777133,32.51578891210514
2018-points,2018,AS-05-25-18-15C,104.1326388992803,32.51390557988132
2018-points,2018,AS-05-25-18-15D,104.132519456407,32.51160557301841
2018-points,2018,AS-05-25-18-16,104.1300972338385,32.51026116740926
2018-points,2018,AS-05-25-18-17,104.132083321856,32.51513892294937
2018-points,2018,AS-05-26-18-1,104.1279166625341,32.51491666164712
2018-points,2018,AS-05-26-18-2,104.12325,32.51694444444444
2018-points,2018,AS-05-26-18-3,104.1099361111111,32.51933611111111
2018-points,2018,AS-05-26-18-4A,104.1320816916088,32.5154844530403
2018-points,2018,AS-05-26-18-4B,104.1054361633458,32.51910553564429
2018-points,2018,AS-05-26-18-5,104.0982861001959,32.51860557502994
2018-points,2018,AS-05-26-18-6A,104.0947611111111,32.51804444444444
2018-points,2018,AS-05-26-18-6B,104.0937194444445,32.51757777777777
2018-points,2018,AS-05-26-18-7,104.0897416666667,32.51666666666667
2018-points,2018,AS-05-26-18-8,104.075724998191,32.52059444514672
2018-points,2018,AS-05-26-18-9,104.0701721192286,32.52450383499245
2018-points,2018,AS-05-26-18-10,104.0721852031912,32.52264400009154
2018-points,2018,AS-05-26-18-11,104.0675000020253,32.52376112436951
2018-points,2018,AS-05-26-18-12,104.0594666670834,32.52396666768803
2018-points,2018,AS-05-26-18-13,104.0514860727823,32.52350001780015
2018-points,2018,AS-05-26-18-14,104.0443833325473,32.52050833438999
2018-points,2018,AS-05-26-18-15,104.0452694438827,32.50622502193063
2018-points,2018,AS-05-26-18-16,104.0458305555556,32.50269166666666
2018-points,2018,AS-05-26-18-17,104.0472555543742,32.49939169034967
2018-points,2018,AS-05-26-18-18,104.0475833363803,32.49883611182463
2018-points,2018,AS-05-26-18-19,104.0468027777778,32.497475
2018-points,2018,AS-05-26-18-20,104.0484722298755,32.49588611500378
2018-points,2018,AS-05-26-18-21,104.0476388888889,32.49254166666667
2018-points,2018,AS-05-26-18-22,104.0476944454524,32.49150001717361
2018-points,2018,AS-05-26-18-23,104.0414055407006,32.48665277257803
2018-points,2018,AS-05-26-18-24,104.0376027777778,32.48943611111111
2018-points,2018,AS-05-26-18-25,104.0363361111111,32.49115555555556
2018-points,2018,AS-05-26-18-26,104.0363972222222,32.49281111111111
2018-points,2018,AS-05-26-18-27,104.0292305555555,32.49568611111111
2018-points,2018,AS-05-26-18-28,104.0264722222222,32.49565277777778
2018-points,2018,AS-05-26-18-29,104.0233333333333,32.49741666666667
2018-points,2018,AS-05-26-18-30,104.0240944444445,32.50078055555556
2018-points,2018,AS-05-26-18-31,104.0163694444445,32.50426111111111
2018-points,2018,AS-05-26-18-32,104.0062722222222,32.50591666666666
2018-points,2018,AS-05-26-18-33,104.0029888712931,32.50627778065595
2018-points,2018,AS-05-26-18-34,104.9905277735918,32.51265079086891
2018-points,2018,AS-05-26-18-35,104.9893055496033,32.51258681184051
2018-points,2018,AS-05-27-18-1A,103.9460083333333,32.50756389401349
2018-points,2018,AS-05-27-18-1B,103.9475167006987,32.50714723109527
2018-points,2018,AS-05-27-18-2A,103.9498194329963,32.50631110210592
2018-points,2018,AS-05-27-18-2B,103.950086113481,32.5059750000245
2018-points,2018,AS-05-27-18-3,103.9516500010005,32.50692499926816
2018-points,2018,AS-05-27-18-4,103.9527499989533,32.50723333372881
2018-points,2018,AS-05-27-18-5A,103.9586305552319,32.50893055512701
2018-points,2018,AS-05-27-18-5B,103.960002777805,32.509063912801
2018-points,2018,AS-05-27-18-5C,103.9603222218809,32.50906668056619
2018-points,2018,AS-05-27-18-5D,103.9604749652938,32.5094555515747
2018-points,2018,AS-05-27-18-6A,103.9640805555556,32.51150833333333
2018-points,2018,AS-05-27-18-6B,103.9649472222222,32.51085555555556
2018-points,2018,AS-05-27-18-7A,103.9669055557647,32.51390833395186
2018-points,2018,AS-05-27-18-7B,103.9684166666667,32.5142
2018-points,2018,AS-05-27-18-8A,103.9733916666667,32.51663333333333
2018-points,2018,AS-05-27-18-8B,103.9733916954005,32.51663332758874
2018-points,2018,AS-05-27-18-8C,103.9782388888889,32.51772222222222
2018-points,2018,AS-05-27-18-9,103.9829,32.51966944444445
2018-points,2018,AS-05-27-18-10A,103.9903110899391,32.51290278633835
2018-points,2018,AS-05-27-18-10B,103.9915082869206,32.51265273839823
2018-points,2018,AS-05-28-18-1A,104.5898194610572,32.41262228104712
2018-points,2018,AS-05-28-18-1B,104.5908000703351,32.41309441729221
2018-points,2018,AS-05-28-18-2A,104.5909555123934,32.4151944887161
2018-points,2018,AS-05-28-18-2B,104.5889583676842,32.41563061633791
2018-points,2018,AS-05-28-18-3A,104.5884055599061,32.41583611032618
2018-points,2018,AS-05-28-18-3B,104.5899694453715,32.41690833320848
2018-points,2018,AS-05-28-18-3C,104.5899694437191,32.41788333310333
2018-points,2018,AS-05-28-18-3D,104.5912888826037,32.41920004648592
2018-points,2018,AS-05-28-18-3E,104.5935833343389,32.42043610975561
2018-points,2018,AS-05-28-18-3F,104.593241666999,32.42039167310613
2018-points,2018,AS-05-28-18-4,104.6527388877662,32.42274999921336
2018-points,2018,AS-05-28-18-5,104.6482277777778,32.42726388888889
2018-points,2018,AS-05-28-18-6,104.6586305177751,32.39825830073345
2018-points,2018,AS-05-28-18-7,104.6790583337686,32.40076389000125
2018-points,2018,AS-05-28-18-8,104.6803277777778,32.39865555555556
2018-points,2018,AS-05-28-18-9,104.6797083263212,32.4028222335774
2018-points,2018,AS-05-28-18-10,104.6790277786126,32.40403889466559
2018-points,2018,AS-05-28-18-11A,104.6574305555556,32.39787777777778
2018-points,2018,AS-05-28-18-11B,104.6581472169287,32.39845612047443
2018-points,2018,AS-05-28-18-11C,104.6582777780428,32.39901944417546
2018-points,2018,AS-05-29-18-1,104.5409388867882,32.52403890932451
2018-points,2018,AS-05-29-18-2,104.4857861114379,32.62967778744509
2018-points,2018,AS-05-30-18-1A,104.7900611111329,32.51930004500401
2018-points,2018,AS-05-30-18-1B,104.7930999996342,32.51853614149753
2018-points,2018,AS-05-30-18-2,104.8210222223517,32.4962807079537
2018-points,2018,AS-05-30-18-3,104.8220333322772,32.49296946420341
2018-points,2018,AS-05-30-18-4,104.7940305551833,32.47506945154498
2018-points,2018,AS-05-30-18-5,104.7947666675601,32.47343059602142
2018-points,2018,AS-05-30-18-6,104.7888250002364,32.44798613059954
2018-points,2018,AS-05-30-18-7,104.7842861116913,32.44731391529091
2018-points,2018,AS-05-30-18-8,104.7808222232754,32.44576673584481
2018-points,2018,AS-05-30-18-9,104.7741972203513,32.46303893672293
2018-points,2018,AS-05-30-18-10,104.7686694436724,32.47522779117585
2018-points,2018,AS-05-30-18-11,104.7676305552292,32.4738251898397
2018-points,2018,AS-05-30-18-12,104.7553972217099,32.43789167290637
2018-points,2018,AS-05-30-18-13,104.7494694486172,32.43015001066519
2018-points,2018,AS-05-30-18-14,104.7470527485575,32.42073611140412
2018-points,2018,AS-05-30-18-15,104.7214222231133,32.39870278229427
2018-points,2018,AS-05-30-18-16,104.7035750001037,32.42807777571776
2018-points,2018,AS-05-30-18-17,104.7073833328289,32.45827222254038
2018-points,2018,AS-05-30-18-18,104.710386111011,32.46161388866318
2018-points,2018,AS-05-31-18-1,104.6591805555556,32.40516111111111
2018-points,2018,AS-05-31-18-2,104.6358638785213,32.37529166660298
2018-points,2018,AS-05-31-18-3,104.6648861122667,32.36719723450889
2018-points,2018,AS-05-31-18-4,104.6838000018551,32.35600277571112
2018-points,2018,AS-05-31-18-5,104.6845083329169,32.34881111259294
2018-points,2018,AS-05-31-18-6,104.6935111122296,32.33796666810335
2018-points,2018,AS-05-31-18-7,104.7064833332487,32.33094166697461
2018-points,2018,AS-05-31-18-8,104.712855554167,32.32353890512665
2018-points,2018,AS-05-31-18-9,104.7493972206543,32.30573617251473
2018-points,2018,AS-05-31-18-10,104.7544777551881,32.30230839085203
2018-points,2018,AS-05-31-18-11,104.7593055538977,32.2991583302142
2018-points,2018,AS-05-31-18-12,104.7090834509535,32.33116891173093
2018-points,2018,AS-05-31-18-13,104.8150833328429,32.39826111213983
2018-points,2018,AS-05-31-18-14,104.8304999639857,32.40327796841743
2018-points,2018,AS-05-31-18-15,104.6487222472767,32.37838887933379
2018-points,2018,AS-05-31-18-16,104.6622416677696,32.36949444536188
2018-points,2018,AS-6-1-18-1,104.5143888886203,32.47016666755135
2018-points,2018,AS-6-1-18-2,104.4797694444023,32.46183333452493
2018-points,2018,AS-6-1-18-3,104.422305571088,32.464203661614
2018-points,2018,AS-6-1-18-4,104.1567916655326,32.52463889058322
2018-points,2018,AS-6-1-18-5,104.1335972222222,32.54931388888889
2018-points,2018,AS-6-1-18-6,104.1353611111111,32.54905555555556
2018-points,2018,AS-6-1-18-7,104.1339861111111,32.55394722222222
2018-points,2018,AS-6-1-18-8,104.1326083333333,32.55795
2018-points,2018,AS-6-1-18-9,104.1281111111111,32.56974166666667
2018-points,2018,AS-6-1-18-10,104.1361388888889,32.59475277777778
2018-points,2018,AS-6-1-18-11,104.0944611111111,32.66803611111111
2018-points,2018,AS-6-1-18-12,104.0865416666667,32.67105833333333
2018-points,2018,AS-6-1-18-13,104.0863472222222,32.67818055555556
2018-points,2018,AS-6-1-18-14,104.0586666666667,32.69768888888888
2018-points,2018,AS-6-1-18-15,104.04335,32.72808333333334
2018-points,2018,AS-6-1-18-16,104.033125,32.72665555555556
2018-points,2018,AS-6-1-18-17A,104.0071722222222,32.72838888888889
2018-points,2018,AS-6-1-18-17B,104.005625,32.72980555555556
2018-points,2018,AS-6-1-18-18A,104.0056055555556,32.73182777777778
2018-points,2018,AS-6-1-18-18B,104.0040388888889,32.73322777777778
2018-points,2018,AS-6-1-18-19,104.0025861111111,32.74820833333334
2018-points,2018,AS-6-1-18-20,103.9921805555556,32.75739444444444
2018-points,2018,AS-6-1-18-21,103.9787333333333,32.7577
2018-points,2018,AS-6-1-18-22,103.9732777777778,32.75469166666667
2018-points,2018,AS-6-1-18-23A,103.9676638888889,32.75253611111111
2018-points,2018,AS-6-1-18-23B,103.9656555555556,32.75220555555556
2018-points,2018,AS-6-1-18-24A,103.9574833333333,32.75270277777778
2018-points,2018,AS-6-1-18-24B,103.95205,32.75611388888889
2018-points,2018,AS-6-1-18-25A,103.9390166666667,32.76284166666667
2018-points,2018,AS-6-1-18-25B,103.9353388888889,32.76330555555555
2018-points,2018,AS-6-1-18-26,103.9205361111111,32.77120833333333
2018-points,2018,AS-6-1-18-27,103.9204638888889,32.77255
2018-points,2018,AS-6-1-18-28,103.8976138888889,32.77869444444444
2018-points,2018,AS-6-1-18-29A,103.8952138888889,32.77468333333334
2018-points,2018,AS-6-1-18-29B,103.8938527777778,32.77018611111111
2018-points,2018,AS-6-1-18-30,103.8917833333333,32.76546111111111
2018-points,2018,AS-06-2-18-1,103.8520722222222,32.76168888888889
2018-points,2018,AS-06-2-18-2A,103.8463333333333,32.76045
2018-points,2018,AS-06-2-18-2B,103.8461166666667,32.75965
2018-points,2018,AS-06-2-18-3,103.8379722222222,32.75971388888889
2018-points,2018,AS-06-2-18-4,103.8367305555556,32.7595
2018-points,2018,AS-06-2-18-5,103.8215277777778,32.75425555555555
2018-points,2018,AS-06-2-18-6,103.7476722222222,32.74399722222223
2018-points,2018,AS-06-2-18-7A,103.7292416666667,32.74356944444445
2018-points,2018,AS-06-2-18-7B,103.7243916666667,32.74236944444444
2018-points,2018,AS-06-2-18-8A,103.724325,32.74715277777778
2018-points,2018,AS-06-2-18-8B,103.7218083333333,32.74706944444444
2018-points,2018,AS-06-2-18-9A,103.7142277777778,32.74410833333334
2018-points,2018,AS-06-2-18-9B,103.7129972222222,32.7428
2018-points,2018,AS-06-2-18-9C,103.7121027777778,32.74260555555556
2018-points,2018,AS-06-2-18-9D,103.7102138888889,32.74188333333333
2018-points,2018,AS-06-2-18-10,103.7016166666667,32.74013611111111
2018-points,2018,AS-06-2-18-11,103.700725,32.74285833333333
2018-points,2018,AS-06-2-18-12,103.6817055555556,32.75095555555556
2018-points,2018,AS-06-2-18-13,103.6778888888889,32.74279444444444
2018-points,2018,AS-06-2-18-14,103.6719388888889,32.73871111111112
2018-points,2018,AS-06-2-18-15,103.6685888888889,32.73719444444445
2018-points,2018,AS-06-2-18-16,103.6679166666667,32.73582777777778
2018-points,2018,AS-06-2-18-17,103.6655444444444,32.73426666666667
2018-points,2018,AS-06-2-18-18A,103.6661,32.73874722222222
2018-points,2018,AS-06-2-18-18B,103.6618361111111,32.74063888888889
2018-points,2018,AS-06-2-18-19,103.6566416666667,32.74588055555556
2018-points,2018,AS-06-2-18-20,103.6459416666667,32.74673333333333
2018-points,2018,AS-06-2-18-21,103.6505833333334,32.75575833333333
2018-points,2018,AS-06-3-18-1,103.6820083333333,32.80074444444444
2018-points,2018,AS-06-3-18-2,103.6892722222222,32.79933333333333
2018-points,2018,AS-06-3-18-3A,103.6910444444444,32.79920555555555
2018-points,2018,AS-06-3-18-3B,103.6930638888889,32.79914444444444
2018-points,2018,AS-06-3-18-4,103.6982361111111,32.79792222222222
2018-points,2018,AS-06-3-18-5,103.7066694444444,32.78405555555555
2018-points,2018,AS-06-3-18-6,103.7068333333333,32.77929166666667
2018-points,2018,AS-06-3-18-7,103.7146388888889,32.77467222222222
2018-points,2018,AS-06-3-18-8,103.723875,32.77291666666667
2018-points,2018,AS-06-3-18-9,103.72795,32.77379444444444
2018-points,2018,AS-06-3-18-10,103.7296472222222,32.77387222222222
2018-points,2018,AS-06-3-18-11,103.7336111111111,32.77389166666666
2018-points,2018,AS-06-4-18-1,103.6681222222222,32.88308888888889
2018-points,2018,AS-06-4-18-2,103.6628111111111,32.87559166666667
2018-points,2018,AS-06-4-18-3,103.6696611111111,32.85883888888889
2018-points,2018,AS-06-4-18-4,103.7868138888889,32.91133333333333
2018-points,2018,AS-06-4-18-5,103.7844722222222,32.91316666666666
2018-points,2018,AS-06-4-18-6,103.7871555555556,32.91456111111111
2018-points,2018,AS-06-4-18-7,103.7855138888889,32.91678888888889
2018-points,2018,AS-06-4-18-8,103.7779138888889,32.92018888888889
2018-points,2018,AS-06-4-18-9,103.7746138888889,32.92010833333333
2018-points,2018,AS-06-4-18-10,103.7563888888889,32.92284444444444
2018-points,2018,AS-06-4-18-11,103.7545638888889,32.92344444444444
2018-points,2018,AS-06-4-18-12,103.7499166666667,32.92277777777778
2018-points,2018,AS-06-4-18-13,103.7352777777778,32.9246
2018-points,2018,AS-06-4-18-14,103.7186472222222,32.92787777777777
2018-points,2018,AS-06-4-18-15,103.7388083333333,32.77244166666667
2018-points,2018,AS-06-4-18-16,103.738,32.77416666666667
2018-points,2018,AS-06-5-18-1,103.3371888888889,32.95309444444445
2018-points,2018,AS-06-5-18-2,103.3477944444444,32.95414444444445
2018-points,2018,AS-06-5-18-3A,103.3489,32.95183055555556
2018-points,2018,AS-06-5-18-3B,103.3498083333333,32.95035555555556
2018-points,2018,AS-06-5-18-3C,103.3506055555556,32.94876388888888
2018-points,2018,AS-06-5-18-3D,103.3513833333333,32.94789444444444
2018-points,2018,AS-06-5-18-4,103.352875,32.94273611111111
2018-points,2018,AS-06-5-18-5,103.3526305555556,32.93653611111111
2018-points,2018,AS-06-5-18-6A,103.3515305555556,32.93451111111111
2018-points,2018,AS-06-5-18-6B,103.3511666666667,32.93563611111111
2018-points,2018,AS-06-5-18-6C,103.3518166666667,32.93570833333333
2018-points,2018,AS-06-5-18-7,103.3487388888889,32.92755277777778
2018-points,2018,AS-06-5-18-8,103.3548055555555,32.92615277777777
2018-points,2018,AS-06-5-18-9A,103.3570972222222,32.92903888888889
2018-points,2018,AS-06-5-18-9B,103.3590388888889,32.92986666666666
2018-points,2018,AS-06-5-18-9C,103.3624277777778,32.93008888888889
2018-points,2018,AS-06-5-18-10,103.3704138888889,32.929675
2018-points,2018,AS-06-5-18-11A,103.3730583333333,32.92920833333333
2018-points,2018,AS-06-5-18-11B,103.3726638888889,32.92929166666666
2018-points,2018,AS-06-5-18-12,103.3767555555555,32.92813333333333
2018-points,2018,AS-06-5-18-13,103.38105,32.92829444444444
2018-points,2018,AS-06-5-18-14,103.3897583333333,32.92901111111111
2018-points,2018,AS-06-5-18-15,103.4103,32.9212
2018-points,2018,AS-06-5-18-16,103.4172333333333,32.92491666666666
2018-points,2018,AS-06-5-18-17,103.4272277777778,32.93001666666667
2018-points,2018,AS-06-5-18-18A,103.4420722222222,32.92318888888889
2018-points,2018,AS-06-5-18-18B,103.4417944444445,32.92169166666667
2018-points,2018,AS-06-5-18-18C,103.4416555555556,32.92099166666667
2018-points,2018,AS-06-5-18-19,103.4416916666667,32.91810833333333
2018-points,2018,AS-06-5-18-20A,103.4423166666667,32.91681666666666
2018-points,2018,AS-06-5-18-20B,103.4431222222222,32.91579722222222
2018-points,2018,AS-06-5-18-21A,103.4450638888889,32.91378888888889
2018-points,2018,AS-06-5-18-21B,103.4455611111111,32.91333333333333
2018-points,2018,AS-06-5-18-22A,103.4473333333334,32.91166111111111
2018-points,2018,AS-06-5-18-22B,103.448175,32.91099722222222
2018-points,2018,AS-06-5-18-22C,103.4494055555556,32.91011944444444
2018-points,2018,AS-06-5-18-22D,103.4498888888889,32.90981944444445
2018-points,2018,AS-06-5-18-23A,103.4509444444445,32.90900277777778
2018-points,2018,AS-06-5-18-23B,103.4516611111111,32.9082
2018-points,2018,AS-06-5-18-23C,103.4518333333334,32.90801944444444
2018-points,2018,AS-06-5-18-24,103.4541444444445,32.90657222222222
2018-points,2018,AS-06-5-18-25,103.4562638888889,32.90570833333333
2018-points,2018,AS-06-5-18-26,103.4568805555556,32.90538611111111
2018-points,2018,AS-06-5-18-27,103.4756,32.88618611111111
2018-points,2018,AS-06-5-18-28,103.4802666666667,32.88339722222222
2018-points,2018,AS-06-5-18-29,103.4892527777778,32.88543333333333
2018-points,2018,AS-06-5-18-30,103.5007222222222,32.89453333333334
2018-points,2018,AS-06-5-18-31A,103.5047222222222,32.89648888888889
2018-points,2018,AS-06-5-18-31B,103.5057027777778,32.89697777777778
2018-points,2018,AS-06-5-18-32,103.5412416666667,32.87706666666666
2018-points,2018,AS-06-5-18-33,103.5742111111111,32.79803888888889
2018-points,2018,AS-06-5-18-34,103.5834555555556,32.79694722222222
2018-points,2018,AS-06-5-18-35,103.5949944444444,32.79127222222222
2018-points,2018,AS-06-5-18-36,103.6148638888889,32.78188611111111
2018-points,2018,AS-06-5-18-37,103.5412166666667,32.87724444444444
2018-points,2018,AS-06-6-18-1,103.64625,32.74693055555556
2018-points,2018,AS-06-6-18-2,103.6647416666667,32.73476666666667
2018-points,2018,AS-06-6-18-3,103.6715333333333,32.740225
2018-points,2018,AS-06-6-18-4,103.6817055555556,32.75095555555556
2018-points,2018,AS-06-6-18-5,103.7060555555556,32.74045
2018-points,2018,AS-06-6-18-6,103.7142277777778,32.74410833333334
2018-points,2018,AS-06-6-18-7,103.7242326938166,32.74839410706046
2018-points,2018,AS-06-6-18-8,103.7404722222222,32.73866666666667
2018-points,2018,AS-06-6-18-9,103.7428083333333,32.74151111111111
2018-points,2018,AS-06-6-18-10,103.846349937058,32.7608990466946
2018-points,2018,AS-06-6-18-11,103.8520722222222,32.76168888888889
2018-points,2018,AS-06-6-18-12,103.9204694444445,32.77103611111111
2018-points,2018,AS-06-6-18-13,103.973,32.75375
2018-points,2018,AS-06-7-18-1,104.1649166666667,32.37425
2018-points,2018,AS-06-7-18-2,104.1630833333333,32.37563888888889
2018-points,2018,AS-06-7-18-3,104.1631944444445,32.37738888888889
2018-points,2018,AS-06-7-18-4,104.1647222222222,32.37808333333334
2018-points,2018,AS-06-7-18-5A,104.16225,32.39022222222222
2018-points,2018,AS-06-7-18-5B,104.1654444444444,32.39188888888889
2018-points,2018,AS-06-7-18-6,104.16625,32.39563888888889
2018-points,2018,AS-06-7-18-7A,104.1686666666667,32.39819444444444
2018-points,2018,AS-06-7-18-7B,104.1691944444444,32.39872222222222
2018-points,2018,AS-06-7-18-8,104.1741111111111,32.40033333333333
2018-points,2018,AS-06-7-18-9,104.1741666666667,32.40238888888889
2018-points,2018,AS-06-7-18-10,104.1810833333333,32.40827777777778
2018-points,2018,AS-06-7-18-11,104.1825555555556,32.40805555555556
2018-points,2018,AS-06-7-18-12,104.1890833333333,32.40597222222222
2018-points,2018,AS-06-7-18-13,104.1924166666667,32.40691666666667
2018-points,2018,AS-06-7-18-14,104.1949996672229,32.40867700273959
2018-points,2018,AS-06-7-18-15,104.21525,32.42625
2018-points,2018,AS-06-7-18-16A,104.2160277777778,32.431
2018-points,2018,AS-06-7-18-16B,104.2159166666667,32.43141666666666
2018-points,2018,AS-06-7-18-17,104.2156944444445,32.43369444444444
2018-points,2018,AS-06-7-18-18,104.2206388888889,32.44252777777778
2018-points,2018,AS-06-7-18-19,104.2307222222222,32.44872222222222
2018-points,2018,AS-06-7-18-20,104.2296944444445,32.45022222222222
2018-points,2018,AS-06-7-18-21,104.2255833333334,32.456
2018-points,2018,AS-06-7-18-22,104.23025,32.46622222222223
2018-points,2018,AS-06-7-18-23,104.2301666666667,32.46836111111112
2018-points,2018,AS-06-7-18-24,104.238,32.48
2018-points,2018,AS-06-7-18-25,104.1279166666667,32.51494444444445
2018-points,2018,AS-06-8-18-1,104.5198333333333,32.41175
2018-points,2018,AS-06-8-18-2,104.5122777777778,32.40969444444444
2018-points,2018,AS-06-8-18-3,104.5126944444445,32.41127777777778
2018-points,2018,AS-06-8-18-4,104.5079166666667,32.40955555555556
2018-points,2018,AS-06-8-18-5,104.5185,32.40986111111111
2018-points,2018,AS-06-8-18-6,104.5351666666667,32.40858333333333
2018-points,2018,AS-06-8-18-7,104.5976111111111,32.41072222222222
2018-points,2018,AS-06-8-18-8A,104.8471666666667,32.41302777777778
2018-points,2018,AS-06-8-18-8B,104.8471388888889,32.41277777777778
2018-points,2018,AS-06-8-18-8C,104.8470833333333,32.41311111111111
2018-points,2018,AS-06-8-18-9,104.8483055555555,32.41333333333333
2018-points,2018,AS-06-8-18-10,104.8485,32.41416666666667
2018-points,2018,AS-06-8-18-11,104.8430277777778,32.43230555555555
2018-points,2018,AS-06-8-18-12,104.8416111111111,32.44413888888889
2018-points,2018,AS-06-8-18-13,104.8418333333333,32.45255555555556
2018-points,2018,AS-06-8-18-14,104.8177777777778,32.44441666666666
2018-points,2018,AS-06-8-18-15,104.8041111111111,32.45097222222223
2018-points,2018,AS-06-8-18-16,104.7733333333333,32.43866666666666
2018-points,2018,AS-06-8-18-17,104.7117777777778,32.37463888888889
2018-points,2018,AS-06-9-18-1,104.6179166666667,32.38347222222222
2018-points,2018,AS-06-9-18-2,104.6116388888889,32.38163888888889
2018-points,2018,AS-06-9-18-3,104.6103333333333,32.37858333333333
2018-points,2018,AS-06-9-18-4,104.5995277777778,32.37316666666667
2018-points,2018,AS-06-9-18-5,104.6018611111111,32.37161111111112
2018-points,2018,AS-06-9-18-6,104.6177777777778,32.3665
2018-points,2018,AS-06-9-18-7,104.6196666666667,32.36286111111112
2018-points,2018,AS-06-9-18-8,104.6170555555556,32.36302777777778
2018-points,2018,AS-06-9-18-9,104.6161388888889,32.35944444444445
2018-points,2018,AS-06-9-18-10A,104.6111666666667,32.35469444444445
2018-points,2018,AS-06-9-18-10B,104.6103888888889,32.35130555555556
2018-points,2018,AS-06-9-18-11,104.5736111111111,32.34011111111111
2018-points,2018,AS-06-9-18-12,104.5934166666666,32.34716666666667
2018-points,2018,AS-06-9-18-13,104.5774166666667,32.33561111111111
2018-points,2018,AS-06-9-18-14,104.5783888888889,32.33311111111112
2018-points,2018,AS-06-9-18-15,104.5760555555556,32.32844444444445
2018-points,2018,AS-06-9-18-16,104.56,32.33041666666667
2018-points,2018,AS-06-9-18-17,104.5540555555556,32.32669444444445
2018-points,2018,AS-06-9-18-18,104.5471388888889,32.32419444444444
2018-points,2018,AS-06-9-18-19,104.53125,32.32472222222223
2019-points,2019,4-4-19-1,104.439125,31.67111111111111
2019-points,2019,4-4-19-2,104.4455805555556,31.67336388888889
2019-points,2019,4-5-19-1,104.4164472222222,31.77871944444445
2019-points,2019,4-5-19-2,104.4108638888889,31.77871944444445
2019-points,2019,4-5-19-3,104.4033888888889,31.78133055555556
2019-points,2019,4-5-19-4,104.4024111111111,31.78131388888889
2019-points,2019,4-5-19-5,104.3999194444445,31.77891111111111
2019-points,2019,4-5-19-6,104.3959277777778,31.778325
2019-points,2019,4-5-19-7,104.3928055555556,31.77707777777778
2019-points,2019,4-5-19-8,104.3859888888889,31.77871111111111
2019-points,2019,4-5-19-9,104.3805222222222,31.78150000000001
2019-points,2019,4-5-19-10,104.3803861111111,31.78183611111111
2019-points,2019,4-5-19-11,104.3803666666667,31.78249166666667
2019-points,2019,4-5-19-12,104.3777222222222,31.78493333333334
2019-points,2019,4-5-19-13,104.3732472222222,31.78694444444445
2019-points,2019,4-5-19-14,104.3705944444445,31.78264722222222
2019-points,2019,4-5-19-15,104.3684194444444,31.784
2019-points,2019,4-5-19-16,104.3675361111111,31.78313611111111
2019-points,2019,4-5-19-17,104.3644555555556,31.78476388888889
2019-points,2019,4-6-19-1,104.45585,31.82559444444444
2019-points,2019,4-6-19-2,104.4751166666667,31.84605555555556
2019-points,2019,4-6-19-3,104.4763888888889,31.84449166666667
2019-points,2019,4-6-19-4,104.504725,31.86146944444445
2019-points,2019,4-6-19-5,104.5116527777778,31.86333055555556
2019-points,2019,4-6-19-6,104.5116277777778,31.86329166666667
2019-points,2019,4-6-19-7,104.5201305555555,31.86483055555556
2019-points,2019,4-6-19-8,104.5364583333333,31.86789444444445
2019-points,2019,4-6-19-9,104.5410027777778,31.86128333333334
2019-points,2019,4-6-19-10,104.5532138888889,31.84441388888888
2019-points,2019,4-6-19-11,104.5620611111111,31.84395277777778
2019-points,2019,4-6-19-12,104.5837555555556,31.82528611111111
2019-points,2019,4-6-19-13,104.5830083333333,31.80221666666667
2019-points,2019,4-6-19-14,104.5831638888889,31.80026388888889
2019-points,2019,4-6-19-15,104.5827944444444,31.78076388888889
2019-points,2019,4-6-19-16,104.5879638888889,31.77707777777778
2019-points,2019,4-7-19-1,104.3917138888889,31.86646944444444
2019-points,2019,4-7-19-2,104.3928555555556,31.86816944444445
2019-points,2019,4-7-19-3,104.3936861111111,31.868175
2019-points,2019,4-7-19-4,104.3708416666667,31.86683888888889
2019-points,2019,4-7-19-5,104.3143583333333,31.85689166666667
2019-points,2019,4-7-19-6,104.3121083333333,31.86718611111111
2019-points,2019,4-7-19-7,104.3105055555555,31.87275555555556
2019-points,2019,4-7-19-8,104.3070722222222,31.88308888888889
2019-points,2019,4-7-19-9,104.3071055555556,31.88450555555556
2019-points,2019,4-7-19-10,104.302975,31.88848888888889
2019-points,2019,4-7-19-11,104.2975777777778,31.89010833333333
2019-points,2019,4-7-19-12,104.296975,31.89055277777778
2019-points,2019,4-7-19-13,104.2986833333333,31.89386666666667
2019-points,2019,4-7-19-14,104.2960944444445,31.90115555555557
2019-points,2019,4-8-19-1,104.2909722222222,31.90231111111111
2019-points,2019,4-8-19-2,104.2905972222222,31.90498055555555
2019-points,2019,4-8-19-3,104.2908694444444,31.90592777777778
2019-points,2019,4-8-19-4,104.290325,31.90912777777778
2019-points,2019,4-8-19-5,104.2928944444444,31.91254722222222
2019-points,2019,4-8-19-6,104.2886111111111,31.91475555555555
2019-points,2019,4-8-19-7,104.2402111111111,31.98761388888889
2019-points,2019,4-8-19-8,104.231675,32.00032777777778
2019-points,2019,4-8-19-9,104.2235972222222,32.00660555555555
2019-points,2019,4-8-19-10,104.2136555555556,32.00149166666667
2019-points,2019,4-8-19-11,104.1919222222222,32.01630277777778
2019-points,2019,4-8-19-12,104.1710833333333,32.02376944444444
2019-points,2019,4-8-19-13,104.1651111111111,32.02709722222222
2019-points,2019,4-8-19-14,104.1566805555556,32.03337222222222
2019-points,2019,4-8-19-15,104.1583777777778,32.03986388888889
2019-points,2019,4-8-19-16,104.1593,32.04978888888888
2019-points,2019,4-8-19-17,104.1570944444444,32.05117222222222
2019-points,2019,4-8-19-18,104.1584583333334,32.05228611111111
2019-points,2019,4-8-19-19,104.156475,32.05338888888889
2019-points,2019,4-8-19-20,104.15275,32.05756944444444
2019-points,2019,4-8-19-21,104.1516666666667,32.05955555555556
2019-points,2019,4-8-19-22,104.1497944444445,32.06121944444444
2019-points,2019,4-8-19-23,104.1498222222222,32.06190555555556
2019-points,2019,4-9-19-1,104.156675,32.05012777777777
2019-points,2019,4-9-19-2,104.1558277777778,32.05139166666666
2019-points,2019,4-9-19-3,104.1532083333333,32.05181388888889
2019-points,2019,4-9-19-4,104.1370361111111,32.05005555555555
2019-points,2019,4-9-19-5,104.132575,32.04716944444444
2019-points,2019,4-9-19-6,104.1315638888889,32.04341388888889
2019-points,2019,4-9-19-7,104.143925,32.05756944444444
2019-points,2019,4-9-19-8,104.1435277777778,32.05962777777778
2019-points,2019,4-9-19-9,104.1386138888889,32.07113888888889
2019-points,2019,4-9-19-10,104.1306027777778,32.07817222222223
2019-points,2019,4-9-19-11,104.0986305555555,32.0915
2019-points,2019,4-9-19-12,104.0984666666667,32.0936
2019-points,2019,4-9-19-13,104.0961722222222,32.09550555555556
2019-points,2019,4-9-19-14,104.0954888888889,32.09606666666667
2019-points,2019,4-9-19-15,104.0950833333333,32.09647777777778
2019-points,2019,4-9-19-16,104.1002166666667,32.09431944444444
2019-points,2019,4-9-19-17,104.104275,32.09333611111111
2019-points,2019,4-9-19-18,104.1093527777778,32.09070277777778
2019-points,2019,4-9-19-19,104.1639083333334,32.05809166666666
2019-points,2019,4-9-19-20,104.1620166666667,32.07508055555556
2019-points,2019,4-9-19-21,104.1679,32.08804444444445
2019-points,2019,4-9-19-22,104.1509666666667,32.10765
2019-points,2019,4-10-19-1,104.1545527777778,32.12057777777778
2019-points,2019,4-10-19-2,104.1497166666667,32.12744722222222
2019-points,2019,4-10-19-3,104.14745,32.13326388888889
2019-points,2019,4-10-19-4,104.1468611111111,32.13740277777778
2019-points,2019,4-10-19-5,104.1426666666667,32.14426111111111
2019-points,2019,4-10-19-6,104.1340472222222,32.15911666666666
2019-points,2019,4-10-19-7,104.120475,32.16947777777778
2019-points,2019,4-10-19-8,104.1043861111111,32.18590555555555
2019-points,2019,4-10-19-9,104.1018388888889,32.18522222222222
2019-points,2019,4-11-19-1,104.1002361111111,32.18766111111111
2019-points,2019,4-11-19-2,104.1002361111111,32.18766111111111
2019-points,2019,4-11-19-3,104.0947638888889,32.19381111111111
2019-points,2019,4-11-19-4,104.0905666666667,32.19774444444444
2019-points,2019,4-11-19-5,104.0716333333333,32.20229444444445
2019-points,2019,4-11-19-6,104.0626361111111,32.20198055555556
2019-points,2019,4-11-19-7,104.0558472222222,32.20076944444445
2019-points,2019,4-11-19-8,104.1137388888889,32.18901388888889
2019-points,2019,4-11-19-9,104.1135472222222,32.19623888888889
2019-points,2019,4-11-19-10,104.111375,32.207625
2019-points,2019,4-11-19-11,104.10865,32.22561111111111
2019-points,2019,4-11-19-12,104.1112361111111,32.22896944444445
2019-points,2019,4-11-19-13,104.1453055555556,32.13641388888889
2019-points,2019,4-11-19-14,104.1327555555556,32.12163611111111
2019-points,2019,4-12-19-1,104.2693361111111,31.84589166666667
2019-points,2019,4-12-19-2,104.1667138888889,31.80498055555556
2019-points,2019,4-12-19-3,104.1591333333333,31.83099444444444
2019-points,2019,4-12-19-4,104.1573138888889,31.83585555555555
2019-points,2019,4-12-19-5,104.1554333333334,31.846175
2019-points,2019,4-12-19-6,104.1467444444445,31.86048888888889
2019-points,2019,4-12-19-7,104.1310861111111,31.8853
2019-points,2019,4-12-19-8,104.1078138888889,31.9008
2019-points,2019,4-12-19-9,104.0712972222222,31.9143
2019-points,2019,4-12-19-10,104.071725,31.916625
2019-points,2019,4-12-19-11,104.0752722222222,31.94342777777778
2019-points,2019,4-12-19-12,104.0712444444445,31.94714166666667
2019-points,2019,4-12-19-13,104.0684055555556,31.96979166666667
2019-points,2019,4-12-19-14,104.0647305555556,31.97725
2019-points,2019,4-12-19-15,104.0513333333334,31.99850833333333
2019-points,2019,4-12-19-16,104.0323916666667,32.01197777777778
2019-points,2019,4-12-19-17,104.0218527777778,32.02130555555556
2019-points,2019,4-12-19-18,104.0193666666667,32.02275555555556
2019-points,2019,4-12-19-19,104.0098027777778,32.03660555555555
2019-points,2019,4-12-19-20,104.010125,32.04421944444444
2019-points,2019,4-12-19-21,104.0064361111111,32.04582222222222
2019-points,2019,4-12-19-22,103.9813416666667,32.06431666666666
2019-points,2019,4-13-19-1,104.1599055555556,31.79849166666667
2019-points,2019,4-13-19-2,104.1503611111111,31.79794722222222
2019-points,2019,4-13-19-3,104.1471333333333,31.79850833333333
2019-points,2019,4-13-19-4,103.9939083333333,31.75558055555556
2019-points,2019,4-13-19-5,103.8687611111111,31.69932777777778
2019-points,2019,4-13-19-6,103.8327777777778,31.69201111111111
2019-points,2019,4-13-19-7,103.8511555555556,31.70349166666668
2019-points,2019,4-13-19-8,103.8536638888889,31.71524444444444
2019-points,2019,4-13-19-9,103.84425,31.73369722222222
2019-points,2019,4-13-19-10,103.8218694444444,31.76084444444444
2019-points,2019,4-13-19-11,103.8099833333333,31.76593055555556
2019-points,2019,4-13-19-12,103.7595472222222,31.78324166666667
2019-points,2019,4-14-19-1,103.7363527777778,32.17072777777778
2019-points,2019,4-14-19-2,103.760825,32.18281388888889
2019-points,2019,4-14-19-3,103.7742777777778,32.16697222222222
2019-points,2019,4-14-19-4,103.775475,32.16500833333333
2019-points,2019,4-14-19-5,103.78175,32.22104444444445
2019-points,2019,4-14-19-6,103.7539444444444,32.25151666666667
2019-points,2019,4-14-19-7,103.7359055555556,32.28419722222222
2019-points,2019,4-14-19-8,103.7271888888889,32.29887777777778
2019-points,2019,4-14-19-9,103.7202944444444,32.31885833333334
2019-points,2019,4-14-19-10,103.7160555555556,32.3222
2019-points,2019,4-15-19-1,103.4854944444444,31.08785
2019-points,2019,4-15-19-2,103.6640111111111,31.51512222222222
2019-points,2019,4-15-19-3,103.758475,31.78509166666667
2019-points,2019,4-15-19-4,103.6759083333334,31.96899444444444
2019-points,2019,4-15-19-5,103.7203388888889,32.31855
2019-points,2019,4-15-19-6,103.7160055555556,32.32209722222223
2019-points,2019,4-16-19-1,103.6483361111111,32.74950277777778
2019-points,2019,4-16-19-2,103.6818166666667,32.75084722222222
2019-points,2019,4-16-19-3,103.7010194444444,32.74051666666666
2019-points,2019,4-16-19-4,103.8460722222222,32.75947222222222
2019-points,2019,4-16-19-5,103.8519555555556,32.76173611111111
2019-points,2019,4-16-19-6,103.9203888888889,32.7712
2019-points,2019,4-16-19-7,104.0229416666667,32.72486666666667
2019-points,2019,4-16-19-8,104.0569972222222,32.70138055555556
2019-points,2019,4-16-19-9,104.0647666666667,32.68973055555555
2019-points,2019,4-16-19-10,104.0868833333333,32.67131666666666
2019-points,2019,4-16-19-11,104.1280888888889,32.56958333333333
2019-points,2019,4-17-19-1,104.8978805555556,32.44780833333333
2019-points,2019,4-17-19-2,104.9320361111111,32.49140277777778
2019-points,2019,4-17-19-3,105.0100722222222,32.52475833333333
2019-points,2019,4-17-19-4,105.1735361111111,32.64132222222222
2019-points,2019,4-21-19-1,105.4364555555556,32.25980277777778
2019-points,2019,4-21-19-2,105.4635388888889,32.26926388888889
2019-points,2019,4-21-19-3,105.5175,32.25921944444445
2019-points,2019,4-21-19-4,105.5165166666667,32.24940833333334
2019-points,2019,4-21-19-5,105.5069083333333,32.217775
2019-points,2019,4-21-19-6,105.51215,32.20079166666667
2019-points,2019,4-21-19-7,105.4758777777778,32.13043611111111
2019-points,2019,4-21-19-8,105.5021055555556,32.13941944444444
2019-points,2019,4-21-19-9,105.5279583333333,32.14937777777778
2019-points,2019,4-21-19-10,105.5651111111111,32.20472222222222
2019-points,2019,4-21-19-11,105.4852083333333,32.29155
2019-points,2019,4-21-19-12,105.4722777777778,32.30016388888889
2019-points,2019,4-21-19-13,105.4681583333333,32.30397777777777
2019-points,2019,4-21-19-14,105.4646888888889,32.30872222222222
2019-points,2019,4-22-19-1,105.4646888888889,32.30872222222222
2019-points,2019,4-22-19-2,105.4626777777778,32.31111111111111
2019-points,2019,4-22-19-3,105.4601944444445,32.31405555555556
2019-points,2019,4-22-19-4,105.4577111111111,32.31718611111111
2019-points,2019,4-22-19-5,105.4552055555556,32.31945833333334
2019-points,2019,4-22-19-6,105.4524083333333,32.32219722222222
2019-points,2019,4-22-19-7,105.4552916666667,32.32810555555556
2019-points,2019,4-22-19-8,105.450575,32.32716111111112
2019-points,2019,4-22-19-9,105.450575,32.32881111111112
2019-points,2019,4-22-19-10,105.4481083333333,32.33522222222223
2019-points,2019,4-22-19-11,105.4497361111111,32.33834444444445
2019-points,2019,4-22-19-12,105.4457722222222,32.34036944444445
2019-points,2019,4-22-19-13,105.421875,32.33625555555556
2019-points,2019,4-22-19-14,105.4203333333333,32.34257777777778
2019-points,2019,4-22-19-15,105.4190111111111,32.34495277777778
2019-points,2019,4-22-19-16,105.4218222222222,32.35898055555555
2019-points,2019,4-22-19-17,105.4230555555556,32.36105277777778
2019-points,2019,4-22-19-18,105.0892888888889,32.05209166666666
2019-points,2019,4-22-19-19,104.7300944444445,31.87580555555556
2019-points,2019,4-22-19-20,104.7287388888889,31.8779
2019-points,2019,4-22-19-21,104.7361861111111,31.85839166666667
2019-points,2019,4-22-19-22,104.7539916666667,31.82609722222222
2019-points,2019,4-25-19-1,104.6362138888889,31.99149722222222
2019-points,2019,4-25-19-2,104.6384805555556,31.99275
2019-points,2019,4-25-19-3,104.6840055555555,32.07348055555556
2019-points,2019,4-25-19-4,104.6776638888889,32.07543888888889
2019-points,2019,4-25-19-5,104.6681638888889,32.08508888888889
2019-points,2019,4-25-19-6,104.6634972222222,32.08616388888889
2019-points,2019,4-25-19-7,104.6532,32.08434722222223
2019-points,2019,4-25-19-8,104.6396888888889,32.08185
2019-points,2019,4-25-19-9,104.6144861111111,32.08283055555556
2019-points,2019,4-25-19-10,104.6047527777778,32.09641111111112
2019-points,2019,4-25-19-11,104.5969638888889,32.102625
2019-points,2019,4-25-19-12,104.5743833333333,32.11355277777778
2019-points,2019,4-25-19-13,104.5681166666667,32.11781388888889
2019-points,2019,4-25-19-14,104.5400194444444,32.13262222222222
2019-points,2019,4-25-19-15,104.5236583333333,32.14047222222222
2019-points,2019,4-25-19-16,104.5033,32.14782222222222
2019-points,2019,4-25-19-17,104.4915972222222,32.15991666666667
2019-points,2019,4-25-19-18,104.4788027777778,32.16458611111111
2019-points,2019,4-25-19-19,104.4432638888889,32.17825
2019-points,2019,4-26-19-1,104.6693333333333,32.10089722222222
2019-points,2019,4-26-19-2,104.6682833333333,32.10227222222223
2019-points,2019,4-26-19-3,104.6698888888889,32.10948611111111
2019-points,2019,4-26-19-4,104.6758,32.11541388888889
2019-points,2019,4-26-19-5,104.685125,32.12396944444445
2019-points,2019,4-26-19-6,104.6903694444445,32.13440555555555
2019-points,2019,4-26-19-7,104.6697083333333,32.15334166666666
2019-points,2019,4-26-19-8,104.66485,32.15527777777778
2019-points,2019,4-26-19-9,104.6511083333333,32.16451388888889
2019-points,2019,4-26-19-10,104.6454111111111,32.169075
2019-points,2019,4-26-19-11,104.6325611111111,32.18411388888889
2019-points,2019,4-26-19-12,104.6702555555556,32.04060833333333
2019-points,2019,4-26-19-13A,104.6186916666667,31.99775833333333
2019-points,2019,4-26-19-13B,104.6197416666667,31.99903333333333
2019-points,2019,4-26-19-14,104.6217416666667,32.0032
2019-points,2019,4-26-19-15,104.621,32.00497777777778
2019-points,2019,4-26-19-16,104.6194972222222,32.0092
2019-points,2019,4-26-19-17,104.6176666666667,32.03361666666667
2019-points,2019,4-27-19-1,103.8522333333333,31.71780555555555
2019-points,2019,4-27-19-2,103.8264722222222,31.75636388888889
2019-points,2019,4-28-19-1,103.7866444444445,31.767575
2019-points,2019,4-28-19-2,103.7616666666667,31.77945833333333
2019-points,2019,4-28-19-3,103.7533722222222,31.78315277777778
2019-points,2019,4-28-19-4,103.7340055555556,31.80058055555556
2019-points,2019,4-28-19-5,103.7274833333333,31.81853888888889
2019-points,2019,4-28-19-6,103.7160194444444,31.831875
2019-points,2019,4-28-19-7,103.6962777777778,31.84151388888889
2019-points,2019,4-28-19-8,103.6969194444444,31.86521111111112
2019-points,2019,4-28-19-9,103.6869527777778,31.89592777777777
2019-points,2019,4-28-19-10,103.6837,31.90295555555555
2019-points,2019,4-28-19-11,103.6717666666667,31.92751388888889
2019-points,2019,4-28-19-12,103.6715111111111,31.93972222222222
2019-points,2019,4-28-19-13,103.6779861111111,31.96465277777778
2019-points,2019,4-28-19-14,103.6804361111111,31.99372777777778
2019-points,2019,4-28-19-15,103.6829388888889,31.99826944444444
2019-points,2019,4-29-19-1,103.7172333333334,32.07400277777778
2019-points,2019,4-29-19-2,103.7201361111111,32.08959166666667
2019-points,2019,4-29-19-3,103.7334111111111,32.12289722222222
2019-points,2019,4-29-19-4,103.7341305555556,32.15325833333333
2019-points,2019,4-29-19-5,103.7655833333334,32.23802222222222
2019-points,2019,4-29-19-6,103.7214555555556,32.34046666666667
2019-points,2019,4-29-19-7,103.7360722222222,32.35579166666667
2019-points,2019,4-29-19-8,103.7243361111111,32.36388611111111
2019-points,2019,4-29-19-9,103.7153666666667,32.40694166666667
2019-points,2019,4-29-19-10,103.7035611111111,32.42277499999999
2019-points,2019,4-29-19-11,103.6793222222222,32.44988888888889
2019-points,2019,4-29-19-12,103.6771027777778,32.45281666666667
2019-points,2019,4-29-19-13,103.6709555555556,32.46058055555556
2019-points,2019,4-29-19-14,103.6607888888889,32.47854166666667
2019-points,2019,4-30-19-1,103.6103444444444,32.58840555555556
2019-points,2019,4-30-19-2,103.6343805555556,32.51655
2019-points,2019,4-30-19-3,103.6404555555556,32.50523611111111
2019-points,2019,4-30-19-4,103.6576527777778,32.47965
2019-points,2019,4-30-19-5,103.7112972222222,32.329425
2019-points,2019,4-30-19-6,103.7021333333333,32.33827777777778
2019-points,2019,4-30-19-7,103.6947638888889,32.34407222222222
2019-points,2019,4-30-19-8,103.6845055555556,32.34268333333333
2019-points,2019,4-30-19-9,103.6821555555556,32.34456111111111
2019-points,2019,4-30-19-10,103.6722083333333,32.35016666666667
2019-points,2019,4-30-19-11,103.663375,32.34751666666667
2019-points,2019,4-30-19-12,103.6493444444445,32.35304444444444
2019-points,2019,4-30-19-13,103.6385055555556,32.34552222222222
2019-points,2019,4-30-19-14,103.6345333333333,32.34226388888889
2019-points,2019,4-30-19-15,103.6430138888889,32.35001666666667
2019-points,2019,4-30-19-16,103.5820305555556,32.34153888888889
2019-points,2019,4-30-19-17,103.5723527777778,32.338825
2019-points,2019,4-30-19-18,103.5682333333333,32.34166944444445
2019-points,2019,4-30-19-19,103.5618333333333,32.34160833333333
2019-points,2019,4-30-19-20,103.5583722222222,32.34178055555556
2019-points,2019,5-1-19-1,103.4805722222222,32.38136111111111
2019-points,2019,5-1-19-2,103.4972027777778,32.38166111111111
2019-points,2019,5-1-19-3,103.5033583333333,32.37893055555556
2019-points,2019,5-1-19-4,103.5091444444444,32.37627777777778
2019-points,2019,5-1-19-5,103.5188416666667,32.37055277777778
2019-points,2019,5-1-19-6,103.5278638888889,32.36262777777778
2019-points,2019,5-1-19-7,103.5398833333333,32.35506944444445
2019-points,2019,5-1-19-8,103.5481138888889,32.34562777777778
2019-points,2019,5-1-19-9,103.6009333333333,32.67689722222222
2019-points,2019,5-2-19-1,102.4127777777778,32.742175
2019-points,2019,5-2-19-2,102.4011555555556,32.72783888888889
2019-points,2019,5-2-19-3,102.3670583333333,32.70795277777778
2019-points,2019,5-2-19-4,102.3677666666667,32.51400833333334
2019-points,2019,5-2-19-5,102.5040583333333,32.53545833333333
2019-points,2019,5-2-19-6,102.5250805555556,32.53742222222222
2019-points,2019,5-2-19-7,102.8352916666667,32.76688333333333
2019-points,2019,5-2-19-8,102.8486194444444,32.78934166666667
2019-points,2019,5-2-19-9,102.8525111111111,32.85649722222222
2019-points,2019,5-2-19-10,102.7535277777778,32.92696388888889
2019-points,2019,5-2-19-11,102.7253638888889,32.9138
2019-points,2019,5-3-19-1,102.6318611111111,33.10761388888889
2019-points,2019,5-3-19-2,102.6971805555556,33.09190555555556
2019-points,2019,5-3-19-3,102.7444027777778,33.08572222222222
2019-points,2019,5-3-19-4,102.7498638888889,33.08523888888889
2019-points,2019,5-3-19-5,102.7766861111111,33.09670277777778
2019-points,2019,5-3-19-6,102.8338611111111,33.08069444444445
2019-points,2019,5-3-19-7,102.8718055555556,33.0633
2019-points,2019,5-3-19-8,102.9010305555556,33.04595833333333
2019-points,2019,5-3-19-9,102.9344333333333,33.02015833333334
2019-points,2019,5-3-19-10,102.9958805555556,32.97639722222223
2019-points,2019,5-3-19-11,103.0086361111111,32.9649
2019-points,2019,5-3-19-12,103.0086444444444,32.96774722222222
2019-points,2019,5-3-19-13,103.0112555555556,32.97068055555556
2019-points,2019,5-3-19-14,103.181125,32.93561666666666
2019-points,2019,5-3-19-15,103.2321138888889,32.90320555555555
2019-points,2019,5-3-19-16,103.2344916666667,32.90351111111111
2019-points,2019,5-3-19-17,103.2451027777778,32.91246388888889
2019-points,2019,5-3-19-18,103.257175,32.911725
2019-points,2019,5-4-19-1,103.4569472222222,32.90541388888889
2019-points,2019,5-4-19-2,103.4416944444445,32.91824722222222
2019-points,2019,5-4-19-3,103.3766972222222,32.92829166666667
2019-points,2019,5-4-19-4,103.3490666666666,32.95199722222223
2019-points,2019,5-4-19-5,103.3375916666667,32.95312222222223
2019-points,2019,5-4-19-6,103.3183027777778,32.92701666666667
2019-points,2019,5-4-19-7,103.3056222222222,32.92206944444444
2019-points,2019,5-4-19-8,103.3526388888889,33.01142777777778
2019-points,2019,5-12-19-1,103.7096305555556,33.10513611111112
2019-points,2019,5-12-19-2,103.7099694444445,33.10763611111111
2019-points,2019,5-12-19-3,103.7175861111111,33.12680277777778
2019-points,2019,5-12-19-4,103.7260138888889,33.13524166666667
2019-points,2019,5-12-19-5,103.7292666666667,33.14173611111111
2019-points,2019,5-12-19-6,103.7260472222222,33.14366111111111
2019-points,2019,5-12-19-7,103.7240083333333,33.16243333333333
2019-points,2019,5-12-19-8,103.726675,33.17301666666666
2019-points,2019,5-12-19-9,103.7590583333333,33.25619444444445
2019-points,2019,5-12-19-10,103.8135666666667,33.30852777777778
2019-points,2019,5-12-19-11,103.8104472222222,33.30701944444444
2019-points,2019,5-12-19-12,103.8230194444444,33.30885833333333
2019-points,2019,5-12-19-13,103.8973027777778,33.279475
2019-points,2019,5-12-19-14,103.9369444444444,33.29322222222222
2019-points,2019,5-13-19-1,103.9370888888889,33.31137777777778
2019-points,2019,5-13-19-2,103.9432472222222,33.31210555555555
2019-points,2019,5-13-19-3,103.9336583333333,33.28173888888889
2019-points,2019,5-13-19-4,103.9532611111111,33.31117777777777
2019-points,2019,5-13-19-5,103.9597111111111,33.31246944444444
2019-points,2019,5-13-19-6,104.0124611111111,33.32883055555556
2019-points,2019,5-13-19-7,104.0346444444444,33.34021944444444
2019-points,2019,5-13-19-8,104.1527444444445,33.31625277777778
2019-points,2019,5-13-19-9,104.2106944444444,33.28833333333333
2019-points,2019,5-13-19-10,104.2458777777778,33.23864444444445
2019-points,2019,5-13-19-11,104.2479555555556,33.20298611111112
2019-points,2019,5-13-19-12,104.2483444444444,33.19326388888889
2019-points,2019,5-13-19-13,104.2516944444444,33.16926111111111
2019-points,2019,5-13-19-14,104.2430361111111,33.15595555555556
2019-points,2019,5-13-19-15,104.2357138888889,33.15021944444445
2019-points,2019,5-13-19-16,104.2376861111111,33.10756111111111
2019-points,2019,5-13-19-17,104.2328861111111,33.10477222222222
2019-points,2019,5-13-19-18,104.2062305555556,33.09760277777778
2019-points,2019,5-13-19-19,104.1926583333333,33.05996666666666
2019-points,2019,5-13-19-20,104.2016472222222,33.04347222222222
2019-points,2019,5-14-19-1,104.2145166666667,33.00953888888889
2019-points,2019,5-14-19-2,104.2250472222222,32.99793611111111
2019-points,2019,5-14-19-3,104.2201638888889,32.97691111111111
2019-points,2019,5-14-19-4,104.2264444444444,32.97027777777778
2019-points,2019,5-14-19-5,104.2325055555556,32.95263888888889
2019-points,2019,5-14-19-6,104.2419944444444,32.91390555555555
2019-points,2019,5-14-19-7,104.2501722222222,32.90498055555555
2019-points,2019,5-14-19-8,104.2487111111111,32.91428333333333
2019-points,2019,5-14-19-9,104.2573138888889,32.904225
2019-points,2019,5-14-19-10,104.2633555555556,32.901325
2019-points,2019,5-14-19-11,104.2656805555556,32.88009166666667
2019-points,2019,5-14-19-12,104.3173027777778,32.78591666666667
2019-points,2019,5-14-19-13,104.3179722222222,32.76397222222222
2019-points,2019,5-14-19-14,104.3095361111111,32.75762777777778
2019-points,2019,5-14-19-15,104.3099138888889,32.75461111111111
2019-points,2019,5-14-19-16,104.3096111111111,32.75241111111111
2019-points,2019,5-14-19-17,104.3172277777778,32.74309444444445
2019-points,2019,5-14-19-18,104.3255611111111,32.73993333333333
2019-points,2019,5-14-19-19,104.3430611111111,32.73531388888889
2019-points,2019,5-14-19-20,104.3679305555556,32.71863888888889
2019-points,2019,5-14-19-21,104.3699472222222,32.71735
2019-points,2019,5-15-19-1,104.5220166666667,32.4116
2019-points,2019,5-15-19-2,104.5242777777778,32.41915
2019-points,2019,5-15-19-3,104.5249722222222,32.42049444444444
2019-points,2019,5-15-19-4,104.5256888888889,32.42463055555555
2019-points,2019,5-15-19-5,104.5340861111111,32.44185277777778
2019-points,2019,5-15-19-6,104.5303916666667,32.45127777777778
2019-points,2019,5-15-19-7,104.5232944444445,32.46625277777778
2019-points,2019,5-15-19-8,104.5379027777778,32.47881388888889
2019-points,2019,5-15-19-9,104.5366972222222,32.50176388888889
2019-points,2019,5-15-19-10,104.5384944444444,32.51228611111111
2019-points,2019,5-15-19-11,104.5540944444444,32.541775
2019-points,2019,5-15-19-12,104.5524722222222,32.57079444444445
2019-points,2019,5-15-19-13,104.5242111111111,32.60225
2019-points,2019,5-15-19-14,104.5043777777778,32.61358888888889
2019-points,2019,5-15-19-15,104.4620833333333,32.65229166666666
2019-points,2019,5-15-19-16,104.4576388888889,32.65840833333333
2019-points,2019,5-15-19-17,104.4448388888889,32.66727222222222
2019-points,2019,5-15-19-18,104.4362138888889,32.67567777777778
2019-points,2019,5-15-19-19,104.4030222222222,32.70722777777778
2019-points,2019,5-15-19-20,104.3077777777778,32.75351666666667
2019-points,2019,5-15-19-21,104.2567055555556,32.76928333333333
2019-points,2019,5-15-19-22,104.2485916666667,32.77981666666667
2019-points,2019,5-15-19-23,104.2304944444445,32.78344166666666
2019-points,2019,5-16-19-1,104.1760861111111,32.881775
2019-points,2019,5-16-19-2,104.2026388888889,32.82643055555556
2019-points,2019,5-16-19-3,104.2109722222222,32.80915833333333
2019-points,2019,5-16-19-4,104.2144416666667,32.80181666666667
2019-points,2019,5-16-19-5,104.2134888888889,32.80013333333333
2019-points,2019,5-16-19-6,104.2167138888889,32.792375
2019-points,2019,5-16-19-7,104.1762166666667,32.83260555555556
2019-points,2019,5-16-19-8,104.1689527777778,32.82892500000001
2019-points,2019,5-16-19-9,104.1866083333333,32.851225
2019-points,2019,5-16-19-10,104.1777333333333,32.87334166666667
2019-points,2019,5-16-19-11,104.1751305555556,32.88833055555556
2019-points,2019,5-16-19-12,104.1820333333333,32.89227777777778
2019-points,2019,5-16-19-13,104.1894361111111,33.07068333333334
2019-points,2019,5-16-19-14,104.16225,33.08460277777778
2019-points,2019,5-16-19-15,104.1332944444444,33.08765833333334
2019-points,2019,5-17-19-1,104.6774138888889,32.95996388888889
2019-points,2019,5-17-19-2,104.6773027777778,32.96383055555556
2019-points,2019,5-17-19-3,104.6786833333333,32.96541944444445
2019-points,2019,5-17-19-4,104.6818416666667,32.96897222222223
2019-points,2019,5-17-19-5,104.6859138888889,32.98047777777778
2019-points,2019,5-17-19-6,104.6928111111111,32.98610277777778
2019-points,2019,5-17-19-7,104.6964833333333,32.99971388888889
2019-points,2019,5-17-19-8,104.7001166666667,33.00168888888889
2019-points,2019,5-17-19-9,104.6970527777778,32.93358333333333
2019-points,2019,5-17-19-10,104.7170861111111,32.93367499999999
2019-points,2019,5-17-19-11,104.7243416666667,32.92902777777778
2019-points,2019,5-17-19-12,104.7272555555556,32.92667777777778
2019-points,2019,5-17-19-13,104.7518777777778,32.91516111111111
2019-points,2019,5-17-19-14,104.7762583333333,32.90014444444444
2019-points,2019,5-17-19-15,104.7965361111111,32.87062222222222
2019-points,2019,5-17-19-16,104.7499916666667,32.84993611111111
2019-points,2019,5-17-19-17,104.7587333333333,32.84960833333334
2019-points,2019,5-17-19-18,104.7580083333334,32.83725555555556
2019-points,2019,5-17-19-19,104.7560166666667,32.82145555555556
2019-points,2019,5-17-19-20,104.7571972222222,32.81168611111111
2019-points,2019,5-17-19-21,104.7663916666667,32.80996388888889
2019-points,2019,5-17-19-22,104.7739833333333,32.80808333333333
2019-points,2019,5-17-19-23,104.7772527777778,32.80411944444444
2019-points,2019,5-17-19-24,104.7961944444444,32.8064
2019-points,2019,5-18-19-1,104.8318583333333,32.79102777777778
2019-points,2019,5-18-19-2,104.8757472222222,32.76546111111111
2019-points,2019,5-18-19-3,104.9061083333333,32.73053611111111
2019-points,2019,5-18-19-4,104.8940805555556,32.706575
2019-points,2019,5-18-19-5,105.0051111111111,32.76049166666667
2019-points,2019,5-18-19-6,105.0391611111111,32.74742222222223
2019-points,2019,5-18-19-7,105.0690972222222,32.74025277777778
2019-points,2019,5-18-19-8,105.0807138888889,32.73256111111111
2019-points,2019,5-18-19-9,105.0765694444444,32.72196944444445
2019-points,2019,5-18-19-10,105.077125,32.71828888888889
2019-points,2019,5-18-19-11,105.0773222222222,32.71583888888889
2019-points,2019,5-18-19-12,105.0775277777778,32.71313333333334
2019-points,2019,5-18-19-13,105.0757388888889,32.71066666666667
2019-points,2019,5-18-19-14,105.0746083333333,32.70949444444445
2019-points,2019,5-18-19-15,105.0747833333333,32.70526944444445
2019-points,2019,5-18-19-16,105.0738583333333,32.70231666666667
2019-points,2019,5-18-19-17,105.0750722222222,32.70083333333334
2019-points,2019,5-18-19-18,105.0646944444444,32.69371388888889
2019-points,2019,5-18-19-19,105.0750861111111,32.69907222222222
2019-points,2019,5-18-19-20,105.2206416666667,32.74843055555556
2019-points,2019,5-19-19-1,105.4162777777778,32.77655833333333
2019-points,2019,5-19-19-2,105.4368861111111,32.77094166666667
2019-points,2019,5-19-19-3,105.4414277777778,32.75983611111111
2019-points,2019,5-19-19-4,105.4516444444444,32.75435555555556
2019-points,2019,5-19-19-5,105.4670527777778,32.73907777777778
2019-points,2019,5-19-19-6,105.4523527777778,32.72237222222223
2019-points,2019,5-19-19-7,105.4677055555556,32.71813888888889
2019-points,2019,5-19-19-8,105.4633888888889,32.708275
2019-points,2019,5-19-19-9,105.4664583333333,32.69133611111111
2019-points,2019,5-19-19-10,105.4624055555556,32.67383333333333
2019-points,2019,5-19-19-11,105.4563972222222,32.67225555555555
2019-points,2019,5-19-19-12,105.445575,32.66905833333333
2019-points,2019,5-19-19-13,105.4207805555556,32.65687222222222
2019-points,2019,5-19-19-14,105.3516138888889,32.62201944444445
2019-points,2019,5-19-19-15,105.3419527777778,32.61461111111111
2019-points,2019,5-19-19-16,105.3273333333333,32.61266666666667
2019-points,2019,5-19-19-17,105.3064361111111,32.60950555555556
2019-points,2019,5-19-19-18,105.2775305555556,32.60215555555556
2019-points,2019,5-19-19-19,105.2309027777778,32.60129722222222
2019-points,2019,5-19-19-20,105.2290472222222,32.60525277777778
2019-points,2019,5-19-19-21,105.2297055555556,32.60703888888889
2019-points,2019,5-19-19-22,105.2278555555556,32.61088055555555
2019-points,2019,5-19-19-23,105.2273166666667,32.61274722222223
2019-points,2019,5-19-19-24,105.227575,32.61529722222223
2019-points,2019,5-19-19-25,105.2293472222222,32.62199722222222
2019-points,2019,5-19-19-26,105.229175,32.62560833333333
2019-points,2019,5-20-19-1,105.2238083333333,32.59493055555556
2019-points,2019,5-20-19-2,105.2220055555556,32.59584444444445
2019-points,2019,5-20-19-3,105.2141388888889,32.59603888888889
2019-points,2019,5-20-19-4,105.213975,32.60285833333334
2019-points,2019,5-20-19-5,105.2133194444445,32.60587222222222
2019-points,2019,5-20-19-6,105.2125027777778,32.60840555555556
2019-points,2019,5-20-19-7,105.2099361111111,32.61114166666667
2019-points,2019,5-20-19-8,105.2074666666667,32.61539722222222
2019-points,2019,5-20-19-9,105.2046111111111,32.62107777777778
2019-points,2019,5-20-19-10,105.203975,32.62436388888889
2019-points,2019,5-20-19-11,105.2000166666667,32.63056111111111
2019-points,2019,5-20-19-12,105.1975916666667,32.63395555555555
2019-points,2019,5-20-19-13,105.1947583333333,32.637
2019-points,2019,5-20-19-14,105.1926916666667,32.63925
2019-points,2019,5-20-19-15,105.1800416666667,32.64026111111111
2019-points,2019,5-20-19-16,105.1744722222222,32.64052777777778
2019-points,2019,5-20-19-17,105.170275,32.6396
2019-points,2019,5-20-19-18,105.1740027777778,32.64624166666667
2019-points,2019,5-20-19-19,105.1789944444445,32.64953333333333
2019-points,2019,5-20-19-20,105.1892583333334,32.65475833333333
2019-points,2019,5-20-19-21,105.1892583333334,32.65475833333333
2019-points,2019,5-20-19-22,105.0764444444444,32.55083055555555
2019-points,2019,5-20-19-23,105.0759138888889,32.55609166666667
2019-points,2019,5-20-19-24,105.0779,32.56073333333333
2019-points,2019,5-20-19-25,105.0763777777778,32.56293055555555
2019-points,2019,5-20-19-26,105.0749416666667,32.56717777777778
2019-points,2019,5-20-19-27,105.0734611111111,32.57413055555556
2019-points,2019,5-20-19-28,105.0702388888889,32.57970277777778
2019-points,2019,5-20-19-29,105.0720638888889,32.58451111111111
2019-points,2019,5-20-19-30,105.0715388888889,32.58893888888889
2019-points,2019,5-20-19-31,105.0677805555556,32.59309166666667
2019-points,2019,5-20-19-32,105.066925,32.59849166666667
2019-points,2019,5-21-19-1,104.98735,32.53329166666666
2019-points,2019,5-21-19-2,104.985,32.53869166666667
2019-points,2019,5-21-19-3,104.9806472222222,32.54170277777778
2019-points,2019,5-21-19-4,104.9776722222222,32.54404444444445
2019-points,2019,5-21-19-5,104.9711222222222,32.54752222222222
2019-points,2019,5-21-19-6,104.9655111111111,32.55196111111111
2019-points,2019,5-21-19-7,104.9578083333333,32.55738888888889
2019-points,2019,5-21-19-8,104.9423555555556,32.55923333333333
2019-points,2019,5-21-19-9,105.0432861111111,32.53017222222222
2019-points,2019,5-21-19-10,105.0630333333333,32.52381388888889
2019-points,2019,5-21-19-11,105.0795722222222,32.48780555555555
2019-points,2019,5-21-19-12,105.1048055555555,32.43516666666666
